id,name
0,Blue Raspberry Slushee
1,Blue Raspberry Slushee
2,Blue Raspberry Slushee
3,Blue Raspberry Slushee
4,Breaded Onion Rings (Large)
5,Breaded Onion Rings (Regular)
6,Caramel Sundae
7,Cheese Curds (Large)
8,Cheese Curds (Regular)
9,Cheese Fries
10,Cheeseburger
11,Cherry Limeade
12,Cherry Limeade
13,Cherry Limeade
14,Cherry Limeade
15,Cherry Slushee
16,Cherry Slushee
17,Cherry Slushee
18,Cherry Slushee
19,Chicken Strips- 3 pieces
20,Chili
21,Chili Cheese Fries
22,Chili Fries
23,Chocolate Fudge Blendrrr
24,Chocolate Fudge Blendrrr
25,Chocolate Fudge Blendrrr
26,Chocolate Milkshake (medium)
27,Chocolate Milkshake (small)
28,Chocolate Sundae
29,Crispy Chicken Sandwich
30,Crunchy Shrimp
31,Extra Burger Patty
32,French Fries (Large)
33,French Fries (Regular)
34,French Fries (Small/ Kids)
35,Grilled Chicken Sandwich
36,Hot Fudge Sundae
37,Lemon Slushee
38,Lemon Slushee
39,Lemon Slushee
40,Lemon Slushee
41,Lime Slushee
42,Lime Slushee
43,Lime Slushee
44,Lime Slushee
45,Limeade
46,Limeade
47,Limeade
48,Limeade
49,M&M’s® Polar Swirl®
50,Orange Float (large)
51,Orange Float (medium)
52,Orange Float (small)
53,Orange Freeze (medium)
54,Orange Freeze (medium)
55,Orange Freeze (small)
56,Oreo® Cookies & Cream Blendrrr
57,Oreo® Cookies & Cream Blendrrr
58,Oreo® Cookies & Cream Blendrrr
59,Oreo® Polar Swirl®
60,Original Double Cheeseburger
61,Papa Burger®
62,Papa Single Burger
63,Pineapple Banana Smoothee
64,Pineapple Banana Smoothee
65,Pineapple Banana Smoothee
66,Reese’s® Peanut Butter Fudge Blendrrr
67,Reese’s® Peanut Butter Fudge Blendrrr
68,Reese’s® Peanut Butter Fudge Blendrrr
69,Reese’s® Polar Swirl®
70,Strawberry Banana Smoothee
71,Strawberry Banana Smoothee
72,Strawberry Banana Smoothee
73,Strawberry Limeade
74,Strawberry Limeade
75,Strawberry Limeade
76,Strawberry Limeade
77,Strawberry Milkshake (medium)
78,Strawberry Milkshake (small)
79,Strawberry Smoothee
80,Strawberry Smoothee
81,Strawberry Smoothee
82,Strawberry Sundae
83,Vanilla Cone (large)
84,Vanilla Cone (regular)
85,Vanilla Milkshake (medium
86,Vanilla Milkshake (small)
87,Watermelon Slushee
88,Watermelon Slushee
89,Watermelon Slushee
90,Watermelon Slushee
91,Add Fried Shrimp
92,Add Grilled Shrimp
93,Appetizer Sampler
94,"Apple Walnut Chicken Salad, Half"
95,"Apple Walnut Chicken Salad, Half w/o dressing"
96,"Apple Walnut Chicken Salad, Regular"
97,"Apple Walnut Chicken Salad, Regular w/o dressing"
98,Applebee’s House Salad
99,Applebee’s House Salad (without dressing)
100,Applebee’s Limeades
101,Applebee’s Reuben
102,Applebee’s Reuben
103,Applebee’s Riblets Basket
104,Applebee’s Riblets Platter
105,Asiago Peppercorn Steak
106,Asiago Peppercorn Steak w/sides
107,Baked Potato
108,Baked Potato Soup
109,Baked Potato Soup
110,Black Bean Soup
111,Blackened Tilapia Sandwich
112,Blue Ribbon Brownie
113,"Boneless Wings, Classic Buffalo"
114,"Boneless Wings, Honey BBQ"
115,"Boneless Wings, Hot Buffalo"
116,"Boneless Wings, Southern BBQ"
117,"Boneless Wings, Sweet & spicy sauce"
118,Bourbon Street Chicken & Shrimp
119,Bourbon Street Steak
120,Breadstick
121,Broccoli Cheddar Soup
122,Broccoli Cheddar Soup
123,Brownie Bite
124,Bruschetta Chicken
125,"Bruschetta Chicken Salad, Half"
126,"Bruschetta Chicken Salad, Half w/o dressing"
127,"Bruschetta Chicken Salad, Regular"
128,"Bruschetta Chicken Salad, Regular w/o dressing"
129,Caesar Salad
130,Cajun Shrimp Pasta
131,"California Shrimp Salad, Half"
132,"California Shrimp Salad, Half w/o dressing"
133,"California Shrimp Salad, Regular"
134,"California Shrimp Salad, Regular w/o dressing"
135,California Turkey Club
136,Cheese Quesadilla Grande
137,Cheeseburger
138,Cheeseburger Sliders
139,Cheesy Corn
140,Chicken Broccoli Pasta Alfredo
141,Chicken Caesar Salad
142,Chicken Fajita Rollup
143,Chicken Fajita Rollup
144,Chicken Fettuccine Carbonara
145,Chicken Fried Chicken
146,"Chicken Fried Steak (includes mashed potato, gravy & vegetable)"
147,Chicken Noodle Soup
148,Chicken Noodle Soup
149,Chicken Parmesan Stack
150,Chicken Quesadilla Grande
151,Chicken Tenders Basket
152,Chicken Tenders Platter
153,Chicken Tortilla Soup
154,Chicken Tortilla Soup
155,Chili
156,Chili
157,"Chili Cheese Fries, Side"
158,Chili Cheese Nachos
159,Chips and Spicy Chipotle Lime Salsa
160,Chocolate Chip Cookie Sundae
161,Chocolate Mousse Shooter
162,Clam Chowder
163,Clam Chowder
164,Classic Club House Grill
165,"Classic Wings, Classic Buffalo"
166,"Classic Wings, Honey BBQ"
167,"Classic Wings, Hot Buffalo"
168,"Classic Wings, Southern BBQ"
169,"Classic Wings, Sweet & spicy sauce"
170,Cole Slaw
171,Cowboy Burger
172,Crispy Orange Chicken
173,Crunchy Onion Rings
174,"Crunchy Onion Rings, Side"
175,Decadent Shakes
176,Double Crunch Shrimp
177,Double-Glazed Baby Back Ribs
178,Double-Glazed Baby Back Ribs – Half Rack
179,Fiesta Lime Chicken®
180,Florentine Ravioli with Chicken
181,French Dip Sliders
182,French Dip Sliders
183,French Onion Soup
184,"Fresh Fruit, Side"
185,Fried Chicken Salad
186,"Fried Chicken Salad, Half"
187,"Fried Chicken Salad, Half w/o dressing"
188,"Fried Chicken Salad, Regular"
189,"Fried Chicken Salad, Regular w/o dressing"
190,Fried Red Potatoes
191,"Fries, Side"
192,"Fries, Side"
193,Frozen Lemonades
194,Garlic Herb Salmon
195,Garlic Mashed Potatoes
196,"Grilled Chicken Caesar, Half"
197,"Grilled Chicken Caesar, Half w/o dressing"
198,"Grilled Chicken Caesar, Regular"
199,"Grilled Chicken Caesar, Regular w/o dressing"
200,Grilled Chicken Wonton Tacos
201,Grilled Dijon Chicken & Portobellos
202,Grilled Dijon Chicken & Portobellos
203,Grilled Shrimp & Island Rice
204,Grilled Shrimp ‘N Spinach Salad
205,"Grilled Shrimp ‘N Spinach Salad, Half"
206,"Grilled Shrimp ‘N Spinach Salad, Half w/o dressing"
207,"Grilled Shrimp ‘N Spinach Salad, Regular"
208,"Grilled Shrimp ‘N Spinach Salad, Regular w/o dressing"
209,"Grilled Steak Caesar, Half"
210,"Grilled Steak Caesar, Half w/o dressing"
211,"Grilled Steak Caesar, Regular"
212,"Grilled Steak Caesar, Regular w/o dressing"
213,Hand-Battered Fish & Chips
214,Hand-Battered Fish Sandwich
215,Honey BBQ Chicken Sandwich
216,Hot Fudge Sundae Shooter
217,House Salad
218,House Sirloin
219,House Sirloin
220,Kids 4oz Sirloin Steak
221,Kids Apple Juice (6.75 oz)
222,Kids Applesauce side
223,Kids Celery side with Dressing
224,Kids Cheese Pizza
225,Kids Chicken Tenders
226,Kids Chocolate Milk (1% 8oz)
227,Kids Fried Shrimp
228,Kids Grape Juice (6.75 oz)
229,Kids Grilled Cheese (Hawaiian bread)
230,Kids Grilled Cheese (sourdough bread)
231,Kids Grilled Chicken Sandwich
232,Kids Hot Fudge Sundae
233,Kids Kraft Macaroni and Cheese
234,Kids Milk (1% or 2% 8 oz)
235,Kids Mini Cheeseburger – 1
236,Kids Mini Cheeseburgers – 2
237,Kids Orange-Tangerine Juice (6.75 oz)
238,Kids OREO® Cookie Milkshake
239,Kids OREO® Cookie Sundae
240,Kids Pasta with Marinara Sauce
241,Kids Steamed Broccoli Side
242,Kids Strawberry Sundae
243,Kids Tropicana Fruit Punch (12 oz)
244,Kids Vanilla Sundae
245,Kids Vanilla Sundae with Hershey’s Syrup
246,Loaded Baked Potato
247,Loaded Mashed Potatoes
248,Maple Butter Blondie
249,Margherita Chicken
250,Mozzarella Sticks
251,New England Fish & Chips
252,New York Strip
253,Orange Glazed Salmon
254,Oriental Chicken Rollup
255,Oriental Chicken Salad
256,"Oriental Chicken Salad, Half"
257,"Oriental Chicken Salad, Half w/o dressing"
258,"Oriental Chicken Salad, Regular"
259,"Oriental Chicken Salad, Regular w/o dressing"
260,Oriental Grilled Chicken Salad
261,"Oriental Grilled Chicken Salad, Half"
262,"Oriental Grilled Chicken Salad, Half w/o dressing"
263,"Oriental Grilled Chicken Salad, Regular"
264,"Oriental Grilled Chicken Salad, Regular w/o dressing"
265,"Pecan-Crusted Chicken Salad, Half"
266,"Pecan-Crusted Chicken Salad, Half w/o dressing"
267,"Pecan-Crusted Chicken Salad, Regular"
268,"Pecan-Crusted Chicken Salad, Regular w/o dressing"
269,Philly Burger
270,Potato Skins
271,Potato Twisters
272,Provolone-Stuffed Meatballs with Fettuccine
273,Quesadilla Burger
274,Queso Blanco
275,Queso Blanco with chili
276,Red Beans & Rice
277,Ribeye
278,Riblet and Chicken Tenders Basket
279,1% Lowfat Chocolate Milk*
280,2% Reduced Fat White Milk*
281,Angus Cool Deli Sandwich
282,Angus Cool Deli Wrap
283,Apple Turnover
284,Applesauce
285,Arby’s Melt
286,Arby’s Sauce® Adds
287,Beef’n Cheddar Classic
288,Beef’n Cheddar Max
289,Beef’n Cheddar Mild
290,Buffalo Dipping Sauce Adds
291,CapriSun® Fruit Juice
292,Cherry Turnover
293,Chicken Biscuit*
294,Chicken Cordon Bleu – Crispy
295,Chicken Cordon Bleu – Roast
296,Chocolate Chunk Cookies (2)
297,Chocolate Shake – Regular
298,Chocolate Shake – Small
299,Chocolate Turnover
300,Chopped Farmhouse Chicken Salad – Crispy
301,Chopped Farmhouse Chicken Salad – Roast
302,Chopped Side Salad
303,Classic Italian Toasted Sub
304,Cravin’ Chicken Sandwich – Crispy
305,Cravin’ Chicken Sandwich – Roast
306,Curly Fries – Kids
307,Curly Fries – Large
308,Curly Fries – Medium
309,Curly Fries – Small
310,Curly Fries – Value
311,French Dip & Swiss/Au Jus
312,Homestyle Fries – Kids
313,Homestyle Fries – Large
314,Homestyle Fries – Medium
315,Homestyle Fries – Small
316,Honey Dijon Mustard Sauce Adds
317,Horsey Sauce® Adds
318,Jalapeno Bites® – (5)
319,Jalapeno Bites® – (8)
320,Jamocha Oreo® Shake – Small
321,Jamocha Oreo® Swirl Shake – Regular
322,Jamocha Shake – Regular
323,Jamocha Shake – Small
324,Jr Chicken Sandwich
325,Jr Chocolate Shake
326,Jr Deluxe Sandwich
327,Jr Jamocha Shake
328,Jr Roast Beef
329,Jr Roast Beef Sandwich
330,Jr Vanilla Shake
331,Loaded Potato Bites® – (5)
332,Loaded Potato Bites® – (8)
333,Mozzarella Sticks – (4)
334,Mozzarella Sticks – (6)
335,Outside-In Cinnamon Bites™
336,Potato Cakes (2)
337,Potato Cakes (2)
338,Potato Cakes (3)
339,Potato Cakes (4)
340,Prime-Cut™ Chicken Tenders (3)
341,Prime-Cut™ Chicken Tenders (5)
342,Prime-Cut™ Chicken Tenders – (2)
343,Ranch Dipping Sauce Adds
344,Reuben Sandwich
345,Roast Beef Classic
346,Roast Beef Max
347,Roast Beef Mild
348,Roast Chicken Club
349,Roast Turkey & Swiss Sandwich
350,Roast Turkey & Swiss Wrap
351,Sausage Biscuit
352,Sausage Gravy Biscuit
353,"Sausage, Egg & Cheese Wrap"
354,Shroom & Swiss
355,Smokin’ Chipotle Chicken*
356,Steakhouse Onion Rings (5)
357,Super Roast Beef
358,Tangy Barbeque Sauce Adds
359,Vanilla Shake – Regular
360,Vanilla Shake – Small
361,Abc Special
362,Almond Croissant
363,Apple Croissant
364,Apple Danish
365,Apple Spice Bagel
366,Asiago Bagel
367,Asiago Cream Pasta
368,Asiago Focaccia
369,Asiago Loaf
370,Asiago Strip
371,Baja Chicken Enchilada
372,Baked Potato
373,Balsamic Bleu Salad
374,Banana Nut Muffin
375,Banana Nut Muffin Top
376,Basil Pesto Pasta
377,Bbq Chicken Pizza
378,Bear Claw
379,Belgian Waffle With Maple Syrup & Whipped Cream
380,Bella Chicken Sandwich
381,Bistro Chicken Press
382,Blueberry Muffin
383,Blueberry Muffin Top
384,Broccoli & Cheese
385,Caesar Salad
386,California Avocado
387,Caramel Nut Cheesecake
388,Carrot Cake Cheesecake
389,Cheese Croissant
390,Cheese Danish
391,Chicken & Sausage Gumbo
392,Chicken Cordon Bleu Panini
393,Chicken Parmesan
394,Chicken Peppercorn
395,Chicken Pesto Calzone
396,Chicken Pesto Panini
397,Chicken Salad On Sourdough
398,Chicken Waldorf
399,Chive Cream Cheese
400,Chocolate Chip Muffin
401,Chocolate Chip Muffin Top
402,Chocolate Chunk Cookie
403,Chocolate Croissant
404,Chocolate Toffee Cookie
405,"Chocolate, Oatmeal And Craisin Cookie"
406,Chopstix Chicken Salad
407,Ciabatta
408,Cinnamon Crisp Bagel
409,Cinnamon Raisin Bagel
410,Cinnamon Raisin Bread
411,Cinnamon Roll
412,Classic Beef Chili
413,Classic Chicken Noodle
414,Cookies And Cream Cheesecake
415,Creamy Caramel Brownie
416,Cubano Panini
417,Double Chocolate Brownie
418,Egg & Cheese Sandwich
419,Everything Bagel
420,Fettuccine Salmone
421,Florentine Omelette
422,Four Cheese Pizza
423,French Baguette
424,French Croissant
425,French Loaf
426,French Onion
427,French Roll
428,French Toast With Maple Syrup
429,Frontier Chicken Chili
430,Garden Vegetable
431,Gooey Butter Danish
432,Greek Salad
433,Homestyle Chicken & Dumpling
434,Honey Raisin Walnut Cream Cheese
435,Honey Wheat Bread
436,House Salad
437,Italian Vegetarian Panini
438,Key Lime Pie
439,Kid’S Cheese Pizza
440,Kid’S Grilled Cheese
441,Kid’S Peanut Butter & Jelly
442,Kid’S Penne And Cheese
443,Low Fat Apple Muffin
444,Low Fat Pumpkin Muffin
445,Low Fat Pumpkin Muffin Top
446,Margherita Pizza
447,Mocha Chip Muffin
448,Mocha Chip Muffin Top
449,Morning Classic With Sausage
450,New England Clam Chowder
451,Nine Grain Bread
452,Ny Hot Pastrami
453,Oatmeal Raisin Cookie
454,Olive Cream Cheese
455,Panini Bread
456,Peanut Butter Cookie
457,Pecan Roll
458,Pecan Turtle Cheesecake
459,Penne Bolognese
460,Penne Pomodoro
461,Pepperoni Pizza
462,Plain Bagel
463,Plain Cheesecake
464,Plain Cream Cheese
465,Poppy Seed Bagel
466,Pumpernickel Loaf
467,Pumpkin Cheesecake
468,Pumpkin Muffin
469,Raspberry Cheese Croissant
470,Raspberry Cheese Danish
471,Raspberry Cream Cheese
472,Rye Loaf
473,Salsa Fresca Salmon Salad
474,"Sausage, Egg & Cheese Sandwich"
475,Scrambled Eggs
476,Sesame Seed Bagel
477,Shortbread Cookie
478,Sourdough Baguette
479,Sourdough Bread
480,Sourdough Soup Bowl
481,Spanish Omelette
482,Sticky Bun
483,Three Cheese Omelette
484,Toffee Chocolate Chunk Cookie
485,Tomato Fennel & Dill
486,Tuna Salad On French
487,Turkey Club Panini
488,Turkey On Nine Grain
489,Vegetable Cream Cheese
490,Veggie On Nine Grain
491,Wheat Bagel
492,White Chocolate Macadamia Nut Cookie
493,White Pizza
494,Whole Grain Bagel
495,Wisconsin Cheese
496,1 Breast Dinner
497,1 Breast Dinner
498,12 piece & 6 biscuit box (serves 5-7)
499,12 piece Supremes box (serves 3-5)
500,2 Breast Dinner
501,2 Breast Dinner
502,2 piece Dinner (breast & wing)
503,2 piece Dinner (breast & wing)
504,2 piece Dinner (leg & thigh)
505,2 piece Dinner (leg & thigh)
506,2 Piece Supremes Kids’ Meal
507,2 Sausage Biscuits
508,20 piece & 10 biscuit box serves 9-11)
509,3 piece Dinner (leg & 2 thighs)
510,3 piece Dinner (leg & 2 thighs)
511,3 wing Dinner
512,3 wing Dinner
513,8 piece & 4 biscuit box (serves 3-5)
514,Bo-Berry Biscuit
515,Bo-Tato Rounds
516,Bo-Tato Rounds
517,Bo-Tato Rounds
518,Bojangles Cajun Pintos
519,Bojangles Cajun Pintos
520,Bojangles’ Dirty Rice
521,Bojangles’ Dirty Rice
522,Breast
523,Cajun Filet Biscuit
524,Cajun Filet Club Sandwich
525,Cajun Filet Sandwich
526,Chicken Leg Kids’ meal
527,Chicken Supremes Salad
528,Cinnamon Pecan Twist
529,Coffee (16oz)
530,Coffee (22oz)
531,Cole Slaw
532,Cole Slaw
533,Egg & Cheese Biscuit
534,Garden Salad
535,Gravy Biscuit
536,Green Beans
537,Green Beans
538,Grilled Chicken Club
539,Grilled Chicken Salad
540,Grilled Chicken Sandwich
541,Leg
542,Mac ‘N Cheese Kids’ Meal
543,Macaroni ‘N Cheese
544,Macaroni ‘N Cheese
545,Mashed Potatoes ‘N Gravy
546,Mashed Potatoes ‘N Gravy
547,Picnic Grits
548,Plain Biscuit
549,Roasted Chicken Bites
550,Sausage & Egg Biscuit
551,Sausage Biscuit
552,Seasoned Fries
553,Seasoned Fries
554,Seasoned Fries
555,Steak Biscuit
556,Supreme
557,"Sweet Iced Tea (16oz, with ice)"
558,"Sweet Iced Tea (22oz, with ice)"
559,"Sweet Iced Tea (32oz, with ice)"
560,Sweet Potato Pie
561,Thigh
562,"Unsweetened Iced Tea (16oz, with ice)"
563,"Unsweetened Iced Tea (22oz, with ice)"
564,"Unsweetened Iced Tea (32oz, with ice)"
565,Wing
566,1/2 lb Popcorn Shrimp
567,3/4 lb Popcorn Shrimp
568,Asian Zing
569,Ballpark Sampler
570,Big Jack Daddy Burger
571,Black & Bleu Burger
572,Blazin ®
573,Boneless (each)
574,Boneless Wings &Traditional Wings
575,Boneless Wings (4)
576,Breaded Tenders (each)
577,Buffalo Chicken Flatbread
578,Buffalo Chips Basket
579,Buffalo Chips Basket with cheese
580,Buffalo Chips Regular
581,Buffalo Chips Regular
582,Buffalo Chips Regular with cheese
583,Buffalo Ranch Chicken Sandwich
584,Buffalo Ranch Chicken Wrap
585,Caribbean Jerk
586,Cheeseburger
587,Cheeseburger Slammers
588,Chicken Caesar Salad
589,Chicken Caesar Wrap
590,Chicken Quesadilla
591,Chicken Tender Salad
592,Chicken Tender Wrap
593,Chicken Tenders & Popcorn Shrimp
594,Chicken Tenders (3)
595,Chili Con Queso Dip
596,Chili Queso Burger
597,Chips & Salsa
598,Chocolate Fudge Cake
599,Coleslaw
600,Crispy Fish Sandwich
601,Crispy Southwest Dippers
602,Deep-dish Apple Pie
603,Desert Heat® Based on 1/2 tsp
604,French fries
605,French Fries
606,French Fries Basket
607,French Fries Regular
608,French Fries Regular
609,French Fries Regular
610,Garden Salad
611,Gardenburger
612,Grilled Blackened Chicken Salad
613,Grilled Chicken Buffalitos
614,Grilled Chicken Salad
615,Grilled Chicken Sandwich
616,Honey BBQ
617,Honey BBQ Chicken Flatbread
618,Honey BBQ Chicken Salad
619,Honey Mustard
620,Hot
621,Hot BBQ
622,Jerk Chicken Sandwich
623,Kids Cheeseburger Slammer
624,Kids’ Ice Cream
625,Macaroni & Cheese
626,Mango Habanera
627,Medium
628,Mild
629,Mozzarella Sticks
630,Naked Tenders (3)
631,Naked Tenders (6 each)
632,Naked Tenders (each )
633,Naked Tenders Wrap
634,New York Cheesecake
635,Onion Rings Basket
636,Onion Rings Regular
637,Onion Rings Regular
638,Parmesan Garlic
639,Parmesan Garlic Flatbread
640,Pepper Infusion ®
641,Popcorn Shrimp & Fish
642,Potato Wedges Basket
643,Potato Wedges Basket with cheese
644,Potato Wedges Regular
645,Potato Wedges Regular
646,Potato Wedges Regular with cheese
647,Queso Chili Fries
648,Ribs & Boneless Wings
649,Ribs & Chicken Tenders
650,Ribs & More Ribs
651,Ribs & Popcorn Shrimp
652,Ribs & Traditional Wings
653,Roasted Garlic Mushrooms
654,Side Salad
655,Side Salad
656,Southwest Chicken Queso Wrap
657,Spicy garlic
658,Sweet BBQ
659,Teriyaki
660,The Sampler
661,Tortilla chips and salsa
662,Tortilla chips and salsa
663,Traditional Wings (4)
664,Ultimate Nachos
665,Ultimate Nachos With Chicken
666,Wild®
667,Wings (each)
668,American Original Chicken Sandwich
669,Biscuit – w/ Chicken Fritter (Chicken Biscuit)
670,Biscuits (2) & Sausage Gravy Platter
671,Biscuit‐ w/ Breakfast Steak (Country Fried Steak)
672,BK Big Fish® Sandwich
673,BK Big Fish® Sandwich w/o Tartar Sauce
674,BK Toppers™ Deluxe Cheeseburger
675,BK Toppers™ Mushroom and Swiss
676,BK Toppers™ Western BBQ Cheeseburger
677,BK Veggie® Burger
678,BK Veggie® Burger  w/ Cheese
679,BK Veggie® Burger  w/o Mayo
680,BK® Chicken Fries (12 pc)
681,BK® Chicken Fries (6 pc)
682,BK® Chicken Fries (9 pc)
683,BK® Double Stacker
684,BK® Fresh Apple Fries
685,BK® Kids Breakfast Muffin Sandwich
686,BK® Quad Stacker
687,BK® Single Stacker
688,BK® Triple Stacker
689,BK®Chef’s Choice Burger
690,BK®Egg and Cheese Muffin
691,BK™ Breakfast Bowl
692,"BK™ Breakfast Burrito ‐ Potato, Egg, Cheese, & Salsa"
693,"BK™ Breakfast Burrito ‐ Sausage, Egg, Cheese & Salsa"
694,BK™ Breakfast Ciabatta Club Sandwich
695,BK™ Breakfast Platter
696,BK™ Ultimate Breakfast Platter
697,Brownie Sundae
698,Caramel Sundae
699,Cheeseburger
700,Chicken Tenders® (20 pc)
701,Chicken Tenders® (4 pc)
702,Chicken Tenders® (6 pc)
703,Chicken Tenders® (8 pc)
704,Chicken Tenders® Sandwich
705,Chocolate Chip Cookies (2)
706,Chocolate Fudge Sundae
707,Chocolate Milk Shake
708,Chocolate Milk Shake
709,Chocolate Milk Shake
710,Cini‐minis (4 minis)
711,Croissan’wich® Egg & Cheese
712,Croissan’wich® Sausage & Cheese
713,"Croissan’wich® Sausage, Egg & Cheese"
714,Double Cheeseburger
715,"Double Croissan’wich™ w/ Sausage, Egg, & Cheese"
716,Double Whopper® Sandwich
717,Double Whopper® Sandwich w/o Mayo
718,Double Whopper® Sandwich with Cheese
719,Double Whopper® Sandwich with Cheese w/o Mayo
720,Dutch Apple Pie
721,Enormous Omelet Sandwich
722,Fanta Cherry frozen concentrated beverage
723,Fanta Cherry frozen concentrated beverage
724,French Fries – large (Salted)
725,French Fries – medium (Salted)
726,French Fries – small (Salted)
727,French Fries – value (Salted)
728,French Toast Sticks (3 piece)
729,French Toast Sticks (5 piece)
730,French Toast Sticks Platter w/ Sausage & Breakfast Syrup
731,Garden Salad (no chicken)
732,Garlic Parmesan Croutons
733,Hash Browns – large
734,Hash Browns – medium
735,Hash Browns – small
736,Hershey®’s Sundae Pie
737,Italian Original Chicken Sandiwch
738,Ken’s® Creamy Caesar Dressing (2 oz)
739,Ken’s® Fat Free Ranch Dressing (2 oz)
740,Ken’s® Honey Mustard Dressing (2 oz)
741,Ken’s® Light Italian Dressing (2 oz)
742,Ken’s® Ranch Dressing (2 oz)
743,Low Fat Caramel Sauce
744,Mini Blueberry Biscuits with icing (4pc)
745,Mini M & M® Sundae
746,Motts’® Harvest Plus Applesauce
747,Mozzarella Sticks (4 pc)
748,Mustard Whopper® Sandwich
749,Oatmeal Raisin Cookies (2)
750,Onion Rings – large
751,Onion Rings – medium
752,Onion Rings – small
753,Onion Rings – value
754,Oreo® Sundae
755,Original Chicken Club Sandwich
756,Original Chicken Sandwich
757,Original Chicken Sandwich w/o Mayo
758,Pancake Platter w/ Sausage & 1 oz Breakfast Syrup
759,Pancakes (3) and 1 oz breakfast syrup
760,Peach Granola Sundae
761,Quaker® Oatmeal Maple and Brown Sugar Flavor
762,Quaker® Oatmeal Original
763,Rodeo Cheeseburger
764,Sausage Biscuit
765,"Sausage, Egg, & Cheese Biscuit"
766,"Scrambled Egg Platter w/ Sausage (Scrambled Eggs, Biscuit, Hashbrowns, Sausage Patty)"
767,Side of Eggs
768,Side of Southwest Potatoes
769,Side Salad
770,Soft Serve Cone
771,Soft Serve Cup
772,Spicy Chick’n Crisp® Sandwich
773,Spicy Chick’n Crisp® Sandwich w/o Mayo
774,Spicy Chicken BK Wrapper™
775,Strawberry Milk Shake
776,Strawberry Milk Shake
777,Strawberry Milk Shake
778,Strawberry Sundae
779,Strawberry Swirl Cheesecake
780,Tacos (2)
781,Tendercrisp® Chicken Garden Salad
782,Tendercrisp® Chicken Sandwich
783,Tendercrisp® Chicken Sandwich w/o Mayo
784,Tendergrill® Chicken Sandwich
785,Tendergrill® Chicken Sandwich w/o Mayo
786,Tendergrill™ Chicken Garden Salad
787,Texas Double Whopper® Sandwich
788,Texas Triple Whopper® Sandwich
789,Texas Whopper® Sandwich
790,Triple Whopper® Sandwich
791,Triple Whopper® Sandwich w/o Mayo
792,Triple Whopper® Sandwich With Cheese
793,Triple Whopper® Sandwich With Cheese w/o Mayo
794,Vanilla Icing
795,Vanilla Milk Shake
796,Vanilla Milk Shake
797,Vanilla Milk Shake
798,White Chocolate Macadamia Nut Cookies (2)
799,Whopper JR.® Sandwich
800,Whopper JR.® Sandwich w/o Mayo
801,Whopper JR.® Sandwich with Cheese
802,Whopper JR.® Sandwich with Cheese w/o Mayo
803,Whopper® Sandwich
804,Whopper® Sandwich w/o Mayo
805,Whopper® Sandwich with Cheese
806,Whopper® Sandwich with Cheese w/o Mayo
807,1/2 LB Clams
808,Baked Potato‐plain
809,Batter‐Dipped Fish
810,Bite Size Shrimp
811,Bite Size Shrimp Salad
812,Breadstick
813,Broccoli
814,Catfish
815,Cheese Sticks
816,Cheesecake
817,Cheesecake with Strawberries
818,Chicken Ranch Sandwich
819,Chicken Tender
820,Chocolate Cake
821,Classic Fish Sandwich
822,Cocktail Sauce
823,Coconut Shrimp
824,Cole Slaw
825,Corn on the Cob
826,Country Style Fish
827,Crab Cake
828,Cracklins
829,French Fries
830,Fried Chicken Salad
831,Fried Flounder
832,Fried Okra
833,Ginger Teriyaki Sauce
834,Great Little Fish Sandwich
835,Green Beans
836,Hush Puppies (2)
837,Jalapeno Poppers
838,Macaroni & Cheese
839,Oysters
840,Pecan Pie
841,Pineapple Cream Cheese Pie
842,Premium Shrimp
843,Roasted Red Potatoes
844,Scampi Butter Sauce
845,Scampi Shrimp
846,Seasoned Rice
847,Seasoned Tilapia
848,Shrimp Skewers
849,Side Salad
850,Stuffed Crab Shell
851,Sweet Chili Sauce
852,Tartar Sauce
853,The Captain
854,Wild Alaskan Salmon
855,Wild Alaskan Salmon Salad
856,Wild Alaskan Salmon Sandwich
857,Bean & Cheese Burrito
858,Bean & Cheese Burrito – Chicken
859,Bean & Cheese Burrito – Ground Beef
860,Bean & Cheese Burrito – Steak
861,Big Country® Breakfast Burrito
862,Biscuit ‘N’ Gravy™
863,Breakfast Burger™
864,Buttermilk Ranch HB Chicken™ Tender Wrapper
865,Carl’s Catch Fish Sandwich®
866,Carne Asada Burrito
867,Charbroiled BBQ Chicken™ Sandwich
868,Charbroiled Chicken Club™ Sandwich
869,Charbroiled Santa Fe Chicken™ Sandwich
870,Chicken Stars™ (4 pieces)
871,Chicken Stars™ (6 pieces)
872,Chicken Stars™ (9 pieces)
873,Chili Cheese Fries
874,Chips
875,Chips & Cheese
876,Chocolate Cake
877,Chocolate Chip Cookie
878,Chocolate Malt
879,Chocolate Shake
880,Cranberry Apple Walnut Grilled Chicken Salad w/o Dressing
881,Crisp Burritos (3 pieces)
882,Crisp Burritos (5 pieces)
883,CrissCut® Fries
884,Decaffinated Coffee
885,Famous Star® with Cheese
886,Fish & Chips
887,Fish Taco
888,French Toast Dips® – No Syrup (5 pieces)
889,Fresh Brewed Iced Tea
890,Fresh Brewed Iced Tea
891,Fresh Brewed Iced Tea
892,Fresh Brewed Iced Tea
893,Fried Zucchini
894,Green Burrito® Taco Salad w/o Dressing
895,Grilled Chicken Burrito
896,Guacamole
897,Guacamole Turkey Burger
898,Hand-Breaded Chicken Fillet Sandwich
899,"Hand-Breaded Chicken Tenders™ (10pc box; 2, 5pc servings)"
900,"Hand-Breaded Chicken Tenders™ (15pc box; 3, 5pc servings)"
901,"Hand-Breaded Chicken Tenders™ (20pc box; 4, 5pc servings)"
902,Hand-Breaded Chicken Tenders™ (3 pieces)
903,Hand-Breaded Chicken Tenders™ (5 pieces)
904,Hard Taco – Chicken
905,Hard Taco – Ground Beef
906,Hard Taco – Steak
907,Hash Brown Nuggets
908,Honey Mustard HB Chicken™ Tender Wrapper
909,Kid’s Cheeseburger
910,Kid’s Hand-Breaded Chicken Tenders™ (2 pieces)
911,Loaded Breakfast Burrito
912,Made From Scratch Biscuit™
913,Monster Biscuit®
914,Nacho Taco
915,Natural-Cut Fries (Kids)
916,Natural-Cut Fries (Large)
917,Natural-Cut Fries (Medium)
918,Natural-Cut Fries (Small)
919,Onion Rings
920,OREO® Cookie Malt
921,OREO® Cookie Shake
922,Original Grilled Chicken Salad w/o Dressing
923,Pinto Beans & Cheese – Family Size
924,Pinto Beans & Cheese – Small
925,Quesadilla – Cheese
926,Quesadilla – Chicken
927,Quesadilla – Steak
928,Regular Coffee
929,Rice – Family Size
930,Rice – Small
931,"Sausage, Egg & Cheese Biscuit"
932,Side Salad w/o Dressing
933,Soft Taco – Chicken
934,Soft Taco – Ground Beef
935,Soft Taco – Steak
936,Sour Cream
937,Sourdough Breakfast Sandwich
938,Southwest Chicken Soft Taco
939,Spicy Chicken Sandwich
940,Steak & Egg Burrito
941,Strawberry Biscuit
942,Strawberry Malt
943,Strawberry Shake
944,Strawberry Swirl Cheesecake
945,Sunrise Croissant®
946,Super Nachos – Chicken
947,Super Nachos – Ground Beef
948,Super Nachos – Steak
949,Super Star® with Cheese
950,Sweet & Bold BBQ HB Chicken Tender™ Wrapper
951,Taco Salad – Chicken
952,Taco Salad – Ground Beef
953,Taco Salad – Steak
954,Teriyaki Burger™
955,Teriyaki Turkey Burger
956,The Big Carl®
957,The Green Burrito® – Chicken
958,The Green Burrito® – Steak
959,The Low Carb Six Dollar Burger®
960,The Original Six Dollar Burger®
961,The Portobello Mushroom Six Dollar Burger™
962,Turkey Burger
963,Vanilla Malt
964,Vanilla Shake
965,2 pieces of Toast
966,4 oz. Hash Browns
967,5 Chicken Fingers
968,BBQ Cheddar
969,Buffalo Chicken Salad
970,Cheddar Fries
971,Chicken Buffalo
972,Chicken California
973,Chicken Cordon Blue
974,Chicken Teriyaki
975,Chicken Teriyaki Salad
976,Egg & Cheese
977,Fresh Garden
978,Grilled Chicken Salad
979,Grilled Steak Salad
980,Italian Deli
981,Kid’s (3 Chicken Fingers)
982,Kids Fries
983,Large Fries
984,Mushroom Swiss Steak
985,Philly Cheesesteak
986,Philly Chicken
987,Philly Steak and Bleu
988,Philly Steak Deluxe
989,Philly Veggie
990,Reg.Fries
991,Sausage Omelet
992,"Sausage, Egg & Cheese"
993,Sicilian Steak
994,"Steak, Egg & Cheese"
995,Turkey Cheddar Melt
996,Two Eggs Scrambled
997,Ultimate Club
998,Ultimate Fries
999,Veggie Omelet
1000,Western Omelet
1001,100% Colombian Coffee
1002,Banana Pudding Milkshake
1003,Carrot & Raisin Salad
1004,Chargrilled & Fruit Salad
1005,Chargrilled Chicken Club Sandwich
1006,Chargrilled Chicken Cool Wrap
1007,Chargrilled Chicken Garden Salad
1008,Chargrilled Chicken Sandwich
1009,Chick-fil-A Chick-n-Minis™
1010,Chick-fil-A® Cheesecake
1011,Chick-fil-A® Chicken Biscuit
1012,Chick-fil-A® Diet Lemonade
1013,Chick-fil-A® Lemon Pie
1014,Chick-fil-A® Lemonade
1015,Chick-fil-A® Spicy Chicken Biscuit
1016,Chick-n-Strips
1017,Chick-n-Strips Salad
1018,Chicken Breakfast Burrito
1019,Chicken Caesar Cool Wrap
1020,Chicken Salad Cup
1021,Chicken Salad Sandwich
1022,Chicken Sandwich
1023,Chicken Tortilla Soup
1024,"Chicken, Egg & Cheese on Sunflower Multigrain Bagel"
1025,Chocolate Milkshake
1026,Cinnamon Brown Sugar
1027,Cinnamon Cluster
1028,Cole Slaw
1029,Cookies & Cream Milkshake
1030,Deluxe Chicken Sandwich
1031,Fruit Cup
1032,Fudge Brownie
1033,Hash Browns
1034,Hearty Breast of Chicken Soup
1035,Iced Tea – Sweetened
1036,Iced Tea – Unsweetened
1037,Icedream®
1038,Mixed Fruit Blend
1039,Multigrain Oatmeal
1040,Nuggets
1041,Plain Biscuit
1042,Roasted Nut Topping
1043,Sausage Breakfast Burrito
1044,"Sausage, Egg, and Cheese Biscuit"
1045,Side Salad
1046,Southwest Chargrilled Salad
1047,Spicy Chicken Cool Wrap
1048,Spicy Chicken Sandwich
1049,Spicy Chicken Sandwich Deluxe
1050,Strawberry Milkshake
1051,Vanilla Milkshake
1052,Waffle Potato Fries
1053,Yogurt Parfait
1054,Yogurt Parfait with Chocolate Cookie Crumbs
1055,Yogurt Parfait with Granola
1056,Add Fried Shrimp to any Entrée
1057,Add Fried Shrimp to any Entrée
1058,Add Rice and Black Beans
1059,Add Spicy Garlic & Lime Shrimp to any Entrée
1060,Add Spicy Garlic & Lime Shrimp to any Entrée
1061,Avocado Burger on Wheat Bun w/ fries
1062,Avocado Slices
1063,BBQ Sauce (Original)
1064,Beef Fajitas – w/o Tortillas and Condiments
1065,Big Mouth Burger Bites w/ Fries
1066,Big Mouth® Bites w/ Ranch with fries
1067,Black Bean Patty Only
1068,Black Beans
1069,Boneless Buffalo Chicken Salad
1070,Boneless Buffalo Wings w/ Bleu Cheese
1071,Bottomless Tostada Chips w/ Salsa
1072,Broccoli Cheese Soup
1073,Broccoli Cheese Soup
1074,Brownie Sundae
1075,Buffalo Chicken Ranch Sandwich on White Bun with fries
1076,Cajun Pasta w/ Grilled Chicken
1077,Cajun Pasta w/ Grilled Chicken (Lunch Combo)
1078,Cajun Pasta w/ Grilled Shrimp
1079,California Club Sandwich w/ Fries
1080,California Club Sandwich w/ fries
1081,Caribbean Salad w/ Grilled Chicken
1082,Caribbean Salad w/ Grilled Shrimp
1083,"Cheese, American"
1084,"Cheese, Cheddar"
1085,"Cheese, Provolone"
1086,"Cheese, Swiss"
1087,Cheesecake
1088,Chicken & Green Chile Soup
1089,Chicken & Green Chile Soup
1090,Chicken Caesar Salad
1091,Chicken Club Tacos
1092,Chicken Crispers® w/ Honey Mustard
1093,Chicken Enchilada
1094,Chicken Enchilada Soup
1095,Chicken Enchilada Soup
1096,Chicken Fajitas – w/o Tortillas and Condiments
1097,Chili’s Terlingua Chili w/ Toppings
1098,Chili’s Terlingua Chili w/ Toppings
1099,Chocolate Chip Paradise Pie
1100,Cinnamon Apples
1101,Classic Nachos (12)
1102,Classic Nachos (8)
1103,Classic Nachos – Beef (12)
1104,Classic Nachos – Beef (8)
1105,Classic Nachos – Chicken (12)
1106,Classic Nachos – Chicken (8)
1107,Classic Sirloin
1108,Classic Sirloin (Lunch Combo)
1109,Classic Turkey Sandwich w/ fries
1110,Classic Turkey Sandwich w/ Fries (Lunch Combo)
1111,Cobb Salad
1112,Cole Slaw
1113,Country-Fried Steak
1114,Crispy Chicken Crispers® No Dressing
1115,Crispy Chicken Tacos
1116,Crispy Honey-Chipotle Chicken Crispers® w/ Ranch
1117,Crispy Onion String & Jalapeno Stack w/ Ranch
1118,Crispy Shrimp Tacos
1119,"Dressing, Ancho Chile Ranch"
1120,"Dressing, Avocado Ranch"
1121,"Dressing, Bleu Cheese"
1122,"Dressing, Citrus Balsamic Vinaigrette"
1123,"Dressing, Honey Lime"
1124,"Dressing, Honey Mustard"
1125,"Dressing, Honey Mustard No Fat"
1126,"Dressing, Low Fat Ranch"
1127,"Dressing, Ranch"
1128,Fajita Chicken Sandwich w/ Fries
1129,Fajita Trio – w/o Tortillas and Condiments
1130,Fire-Grilled Corn Guacamole w/ Chips
1131,Flame-Grilled Ribeye
1132,Fried Cheese w/ Marinara Sauce
1133,Fried Shrimp w/ Cocktail Sauce
1134,Fried Shrimp w/ Cocktail Sauce
1135,Frosty Chocolate Shake
1136,GG Classic Sirloin
1137,GG Grilled Chicken Sandwich w/ Steamed Broccoli & fries
1138,GG Salmon w/ Garlic & Herbs
1139,GG Santa Fe Chicken Wrap w/ Steamed Broccoli & fries
1140,"Gravy, Black Pepper"
1141,Grilled Chicken Sandwich on White Bun w/ fries
1142,Grilled Salmon w/ Garlic & Herbs
1143,Grilled Salmon w/ Garlic & Herbs
1144,Guacamole
1145,Half Rack of Baby Back Ribs
1146,Homestyle Fries
1147,Honey Chipotle Sauce
1148,Hot Spinach & Artichoke Dip w/ Chips
1149,House Salad No Dressing
1150,Jalapeno Smokehouse Burger w/ Ranch with fries
1151,Loaded Baked Potato Soup
1152,Loaded Baked Potato Soup
1153,Loaded Mashed Potatoes
1154,Lunch House Salad No Dressing
1155,Margarita Grilled Chicken
1156,Margarita Grilled Chicken (Lunch Combo)
1157,Mashed Potatoes w/ Black Pepper Gravy
1158,Memphis Dry Rub Ribs
1159,Memphis Dry Rub Ribs (1/2 rack)
1160,Molten Chocolate Cake
1161,Monterey Chicken®
1162,Monterey Chicken® (Lunch Combo)
1163,Mushroom-Swiss Burger w/ fries
1164,Oldtimer® Burger w/ fries
1165,Original Ribs
1166,Original Ribs (1/2 rack)
1167,Over-The-Top Cobb Salad w/ Avocado Ranch
1168,Pepper Pals® Cheese Pizza
1169,Pepper Pals® Cheese Quesadilla
1170,Pepper Pals® Chocolate Shake
1171,Pepper Pals® Crispy Chicken Crispers
1172,Pepper Pals® Grilled Cheese Sandwich
1173,Pepper Pals® Grilled Chicken Platter
1174,Pepper Pals® Grilled Chicken Sandwich
1175,Pepper Pals® Little Chicken Crispers
1176,Pepper Pals® Little Mouth Burger
1177,Pepper Pals® Little Mouth Cheeseburger
1178,Pepper Pals® Macaroni & Cheese Kraft
1179,Pepper Pals® Side Celery Sticks w/ Ranch
1180,Pepper Pals® Side Cinnamon Apples
1181,Pepper Pals® Side Corn Cob w/o Butter
1182,Pepper Pals® Side Homestyle Fries
1183,Pepper Pals® Side Kernel Corn
1184,Pepper Pals® Side Mandarin Oranges
1185,Pepper Pals® Side Mashed Potatoes – w/o Gravy
1186,Pepper Pals® Side Pineapple
1187,Pepper Pals® Side Rice
1188,Pepper Pals® Side Salad w/ Low Fat Ranch
1189,Pepper Pals® Side Steamed Broccoli
1190,Quesadilla Explosion Salad
1191,Ranch Only as served w/ Chips
1192,Rice
1193,Salsa Only as served w/ Chips
1194,Santa Fe Chicken Wrap w/ Ancho-Chile Ranch & fries
1195,Shiner Bock® BBQ Burger w/ fries
1196,Shiner Bock® BBQ Ribs
1197,Shiner Bock® BBQ Ribs (1/2 rack)
1198,Skillet Queso w/ Chips
1199,Sour Cream
1200,Southern Smokehouse Burger w/ Ancho Chile BBQ & fries
1201,Southwestern BLT Sandwich w/ Fries
1202,Southwestern Eggrolls w/ Avocado Ranch
1203,Spicy Garlic & Lime Grilled Shrimp
1204,Steakhouse Sandwich w/ fries
1205,Steamed Broccoli
1206,Sweet Corn
1207,Sweet Corn
1208,Sweet Corn on the Cob w/ Butter
1209,Texas Cheese Fries -1/2 order w/ Chili & Ranch
1210,Texas Cheese Fries -1/2 order w/ Ranch
1211,Texas Cheese Fries w/ Chili & Ranch
1212,Texas Cheese Fries w/ Ranch
1213,Triple Dipper™ Big Mouth® Bites w/ Ranch
1214,Triple Dipper™ Boneless Buffalo Wings w/ Bleu Cheese
1215,Triple Dipper™ Chicken Crispers® No Dressing
1216,Triple Dipper™ Fried Cheese w/ Marinara Sauce
1217,Triple Dipper™ Hot Spinach & Artichoke Dip w/ Chips
1218,Triple Dipper™ Southwestern Eggrolls w/ Avocado Ranch
1219,Triple Dipper™ Wings Over Buffalo® w/ Bleu Cheese
1220,"Wheat Bun, Plain"
1221,Wings Over Buffalo® w/ Bleu Cheese
1222,Barbacoa
1223,Barbacoa
1224,Black Beans
1225,Black Beans (side)
1226,Black Beans (taco)
1227,Carnitas
1228,Carnitas
1229,Cheese
1230,Cheese (small quesadilla)
1231,Cheese (taco)
1232,Chicken
1233,Chicken
1234,Chips
1235,Chips
1236,Cilantro-Lime Rice
1237,Cilantro-Lime Rice (side)
1238,Cilantro-Lime Rice (taco)
1239,Crispy Taco Shell
1240,Crispy Taco Shell
1241,Fajita Vegetables
1242,Fajita Vegetables
1243,Flour Tortilla (burrito)
1244,Flour Tortilla (taco)
1245,Flour Tortilla (taco)
1246,Fresh Tomato Salsa
1247,Fresh Tomato Salsa
1248,Green Tomatillo Salsa
1249,Green Tomatillo Salsa
1250,Guacamole
1251,Guacamole
1252,Pinto Beans
1253,Pinto Beans (side)
1254,Pinto Beans (taco)
1255,Red Tomatillo Salsa
1256,Red Tomatillo Salsa
1257,Roasted Chili – Corn Salsa
1258,Roasted Chili – Corn Salsa
1259,Romaine Lettuce (salad)
1260,Romaine Lettuce (taco)
1261,Romaine Lettuce (tacos)
1262,Soft Corn Tortilla
1263,Soft Corn Tortilla
1264,Sour Cream
1265,Sour Cream
1266,Steak
1267,Steak
1268,Vinaigrette
1269,Apple Pie
1270,Boneless Wing – with Sauce
1271,Boneless Wing – without Sauce
1272,Cajun Rice
1273,Chicken Fried Steak
1274,Chicken Sandwich with Cheese
1275,Cole Slaw
1276,Collard Greens
1277,Corn
1278,Double Chicken N Cheese Sandwich
1279,Fish Fillet (1)
1280,French Fries
1281,Green Beans
1282,Honey-Butter Biscuit
1283,Jalapeño Cheese Bombers® (4)
1284,Jalapeño Pepper
1285,Livers (6)
1286,Macaroni & Cheese
1287,Mashed Potatoes & Gravy
1288,Nuggets (5)
1289,Okra
1290,Original Breast
1291,Original Chicken Sandwich
1292,Original Leg
1293,Original Thigh
1294,Original Wing
1295,Red Beans & Rice
1296,Shrimp (8)
1297,Southern Style Chicken Sandwich
1298,Spicy Breast
1299,Spicy Chicken Sandwich
1300,Spicy Leg
1301,Spicy Southern Style Chicken Sandwich
1302,Spicy Tender Strips™
1303,Spicy Thigh
1304,Spicy Wing
1305,Strawberry Shortcake
1306,Sweet Corn Nuggets (8)
1307,Sweet Tea – Large
1308,Sweet Tea – Medium
1309,Sweet Tea – Small
1310,Tender Strips™
1311,Unsweet Tea – Large
1312,Unsweet Tea – Medium
1313,Unsweet Tea – Small
1314,"8-Grain Bagel – LF, VG"
1315,Add Spread – Country Dijon Mustard (Combo)
1316,Add Spread – Mayo (Combo)
1317,All American Scrambler (with Sausage) (Egg Whites)
1318,All American Scrambler (with Sausage) (Whole Eggs)
1319,Anaheim Panini (Egg Whites)
1320,Anaheim Panini (Whole Eggs)
1321,Anaheim Scrambler – G (Egg Whites)
1322,Anaheim Scrambler – G (Whole Eggs)
1323,Apricot Walnut Rugalach – V
1324,Asian Edamame Salad – V (Side)
1325,Asian Edamame Salad – V (Trio)
1326,Asian Wonton Salad (Café & Combo)
1327,Asian Wonton Salad (Entrée)
1328,Avocado Wedge – VG (Side)
1329,Avocado Wedge – VG (Trio)
1330,"Baby Carrots – LF, VG, G"
1331,Baked French Toast – V
1332,Baked French Toast w/Sausage & Fresh Fruit
1333,Baked French Toast w/Sausage & Scrambled Eggs (Egg Whites)
1334,Baked French Toast w/Sausage & Scrambled Eggs (Whole Eggs)
1335,"Bakery Chips – VG, G"
1336,Banana – Whole (Kids’ Menu) – G
1337,Banana Baby Bundt Cake – V
1338,Banana Muffin – V
1339,Big Al’s Chili w/Cheddar Cheese (bowl)
1340,Big Al’s Chili w/Cheddar Cheese (cup)
1341,"Blueberry Bagel – LF, VG"
1342,Blueberry Muffin – V
1343,"Breakfast Potatoes – VG, G"
1344,Brioche Flatbread (slice)
1345,Brioche Flatbread (whole)
1346,Caesar Salad
1347,Caesar Salad (Café & Combo)
1348,Caesar Salad (Entrée)
1349,Caesar Salad (side & trio portion)
1350,Caesar Salad w/Roasted Chicken (Café & Combo)
1351,Caesar Salad w/Roasted Chicken (Entrée)
1352,California Grille – V (Combo)
1353,California Grille – V (Whole)
1354,Cappuccino – Nonfat
1355,Cappuccino – Nonfat
1356,Cappuccino – Nonfat
1357,Cappuccino – Whole
1358,Cappuccino – Whole
1359,Cappuccino – Whole
1360,Caramel Latte – Nonfat
1361,Caramel Latte – Nonfat
1362,Caramel Latte – Nonfat
1363,Caramel Latte – Whole
1364,Caramel Latte – Whole
1365,Caramel Latte – Whole
1366,Chai Latte – Nonfat
1367,Chai Latte – Nonfat
1368,Chai Latte – Nonfat
1369,Chai Latte – Whole
1370,Chai Latte – Whole
1371,Chai Latte – Whole
1372,Cheddar Broccoli
1373,Cheddar Broccoli  (bowl)
1374,Cheddar Broccoli  (cup)
1375,Chicken Apple Sausage Panini (Egg Whites)
1376,Chicken Apple Sausage Panini (Whole Eggs)
1377,"Chicken Apple Sausage, 2-patties"
1378,Chicken Carbonara – (Combo)
1379,Chicken Carbonara – (Combo)
1380,Chicken Carbonara – (Entrée)
1381,Chicken Carbonara – (Whole)
1382,Chicken Pomodori (Combo)
1383,Chicken Pomodori (Whole)
1384,Chocolate Baby Bundt Cake – V
1385,Chocolate Chip Cookie – V
1386,Chocolate Muffin – V
1387,Chocolate Turtle Baby Bundt Cake – V
1388,Chopped Salad – G (Café & Combo)
1389,Chopped Salad – G (Entrée)
1390,Ciabatta Ficelle – V
1391,Cinnamon Creme Cake – Slice (12 slices/cake) – V
1392,Cinnamon Crumb Muffin – V
1393,Cinnamon Pecan Rugalach – V
1394,Cinnamon Raisin – V (slice)
1395,Cinnamon Raisin – V (whole)
1396,"Cinnamon Raisin Bagel – LF, VG"
1397,Cinnamon Roll – V
1398,Corned Beef Reuben (Combo)
1399,Corned Beef Reuben (Whole)
1400,Corner Club (Combo)
1401,Corner Club (Whole)
1402,Country Boule – VG (slice)
1403,Country Boule – VG (whole)
1404,Country Bread Boule – Bowl Option  (bowl)
1405,Country Bread Boule – Bowl Option  (cup)
1406,Country Large Oblong – VG (slice)
1407,Country Large Oblong – VG (whole)
1408,Country Small Oblong – VG (slice)
1409,Country Small Oblong – VG (whole)
1410,Cream Cheese Brownie – V
1411,Croissant – V
1412,D.C. Chicken Salad – G (Side)
1413,D.C. Chicken Salad – G (Trio)
1414,D.C. Chicken Salad on Steakhouse Rye Bread – (Combo)
1415,D.C. Chicken Salad on Steakhouse Rye Bread – (Whole)
1416,"Egg Salad – V, G (Side)"
1417,"Egg Salad – V, G (Trio)"
1418,"Everything Bagel – LF, VG"
1419,"Farmer’s Scrambler – V, G (Egg Whites)"
1420,"Farmer’s Scrambler – V, G (Whole Eggs)"
1421,Focaccia Loaf – VG (slice)
1422,Focaccia Loaf – VG (whole)
1423,"Focaccia Roll – LF, VG"
1424,Frozen Mango Lemonade – VG
1425,Frozen Mango Lemonade – VG
1426,Frozen Mango Pomegranate Swirl – VG
1427,Frozen Mango Pomegranate Swirl – VG
1428,Frozen Pomegranate Lemonade – VG
1429,Frozen Pomegranate Lemonade – VG
1430,Fudge Brownie
1431,Garlic Bread (Pasta Entrées Only) – V
1432,Grapes – Small Bunch (Kids’ Menu) – G
1433,"Greek Vegetable Salad – V, G (Side)"
1434,"Greek Vegetable Salad – V, G (Trio)"
1435,Green Chile & Chicken (Combo)
1436,Green Chile & Chicken (Whole)
1437,Grilled Cheese Sandwich – V (Combo)
1438,Grilled Cheese Sandwich – V (Whole)
1439,Half Moon Cheese Ravioli – V
1440,Half Moon Cheese Ravioli – V (Combo)
1441,Half Moon Cheese Ravioli – V (Entrée)
1442,Harvest – VG (slice)
1443,Harvest – VG (whole)
1444,"Harvest Crisp – LF, VG"
1445,Harvest Salad – V (Café & Combo)
1446,Harvest Salad – V (Entrée)
1447,Harvest Salad w/Roasted Chicken (Café & Combo)
1448,Harvest Salad w/Roasted Chicken (Entrée)
1449,"Harvest Toast – LF, VG"
1450,Horizon Milk – Chocolate
1451,Horizon Milk – White
1452,Iced Coffee – Black
1453,Iced Coffee – Black
1454,Iced Coffee – Creamy
1455,Iced Coffee – Creamy
1456,Italian Wedding Soup
1457,Italian Wedding Soup w/ Parmesan Cheese  (bowl)
1458,Italian Wedding Soup w/ Parmesan Cheese  (cup)
1459,Kid’s Apple Juice
1460,Kid’s Berry Juice
1461,Kids’ Cheesy Scrambler w/Toast & Fresh Fruit
1462,Kids’ Scrambler w/Toast & Fresh Fruit
1463,Latte – Nonfat
1464,Latte – Nonfat
1465,Latte – Nonfat
1466,Latte – Whole
1467,Latte – Whole
1468,Latte – Whole
1469,Lemon Bar – V
1470,Lemon Pound Cake – Slice
1471,Loaded Baked Potato
1472,Loaded Baked Potato w/Cheddar Cheese & Green Onion
1473,Loaded Baked Potato w/Cheddar Cheese & Green Onion
1474,Macaroni & Cheese – Kraft
1475,Maple Pecan Bar – V
1476,Mixed Greens Salad – V (Café & Combo)
1477,Mixed Greens Salad – V (Entrée)
1478,Mixed Greens Salad w/dressing (side & trio portion) – V
1479,Mixed Greens Salad w/dressing – V
1480,Mixed Greens w/dressing (garnish) – VG
1481,Mom’s Chicken Noodle – LF
1482,Mom’s Chicken Noodle – LF  (bowl)
1483,Mom’s Chicken Noodle – LF  (cup)
1484,Mom’s Corned Beef on Caraway Rye Bread (Combo)
1485,Mom’s Corned Beef on Caraway Rye Bread (Whole)
1486,Mom’s Egg Salad on White Bread (Combo)
1487,Mom’s Egg Salad on White Bread (Whole)
1488,Mom’s Roast Beef on Sourdough Bread (Combo)
1489,Mom’s Roast Beef on Sourdough Bread (Whole)
1490,Mom’s Roasted Chicken on Harvest Bread (Combo)
1491,Mom’s Roasted Chicken on Harvest Bread (Whole)
1492,Mom’s Tuna Salad on Harvest Bread (Combo)
1493,Mom’s Tuna Salad on Harvest Bread (Whole)
1494,1/2 lb. FlameThrower® GrillBurger
1495,1/2 lb. GrillBurger with Cheese
1496,1/4 lb. GrillBurger with Cheese
1497,1/4 lb. Mushroom Swiss GrillBurger
1498,Applesauce
1499,"Arctic Rush Float, All Flavors – Large"
1500,"Arctic Rush Float, All Flavors – Medium"
1501,"Arctic Rush Float, All Flavors – Small"
1502,"Arctic Rush Freeze, All Flavors – Large"
1503,"Arctic Rush Freeze, All Flavors – Medium"
1504,"Arctic Rush Freeze, All Flavors – Small"
1505,"Arctic Rush, All Flavors – Large"
1506,"Arctic Rush, All Flavors – Medium"
1507,"Arctic Rush, All Flavors – Small"
1508,Banana
1509,Banana Cream Pie Blizzard – Large
1510,Banana Cream Pie Blizzard – Medium
1511,Banana Cream Pie Blizzard – Mini
1512,Banana Cream Pie Blizzard – Small
1513,Banana Slices
1514,Banana Split
1515,Banana Split Blizzard – Large
1516,Banana Split Blizzard – Medium
1517,Banana Split Blizzard – Mini
1518,Banana Split Blizzard – Small
1519,Barbecue Beef Sandwich
1520,Biscuits & Gravy
1521,Breaded Mushrooms
1522,Brownie Pieces
1523,Buster Bar® Treat***
1524,Butterfinger Blizzard – Large
1525,Butterfinger Blizzard – Medium
1526,Butterfinger Blizzard – Small
1527,Butterfinger Pieces
1528,Butterfinger® Blizzard – Mini
1529,Butterscotch Dilly Bar
1530,Cappuccino MooLatté – Large
1531,Cappuccino MooLatté – Medium
1532,Cappuccino MooLatté – Small
1533,Caramel MooLatté – Large
1534,Caramel MooLatté – Medium
1535,Caramel MooLatté – Small
1536,Caramel Topping
1537,Cheese Curds
1538,Cheeseburger Kids’
1539,Cheesecake Pieces
1540,Cherry Dilly Bar
1541,Cherry StarKiss® Bar
1542,Chick. Strip Basket – 4pc w/ Country Gravy
1543,Chick. Strip Basket – 6pc w/ Country Gravy
1544,Chicken Quesadilla Basket
1545,Chicken Strip Kids’ (2)
1546,Chili – Bowl
1547,Chili – Cup
1548,Chili Cheese Fries
1549,Choc. Cov. Strawberry Waffle Bowl Sundae
1550,"Choc. Xtreme Blizzard Cake, 10”, 1/12 slice***"
1551,"Choc. Xtreme Blizzard Cake, 8”, 1/8 slice***"
1552,Choco Cherry Love Blizzard – Large
1553,Choco Cherry Love Blizzard – Medium
1554,Choco Cherry Love Blizzard – Mini
1555,Choco Cherry Love Blizzard – Small
1556,Choco Chunks
1557,Chocolate Chip Cookie Dough Pieces
1558,Chocolate Coated Waffle Cone w/ Soft Serve
1559,Chocolate Cone – Kids’
1560,Chocolate Cone – Large
1561,Chocolate Cone – Medium
1562,Chocolate Cone – Small
1563,Chocolate Dilly® Bar***
1564,Chocolate Mint Dilly Bar
1565,Chocolate Topping
1566,Chocolate Xtreme Blizzard – Large
1567,Chocolate Xtreme Blizzard – Medium
1568,Chocolate Xtreme Blizzard – Mini
1569,Chocolate Xtreme Blizzard – Small
1570,Cocoa Fudge
1571,Coconut Flakes
1572,Cookie Dough Blizzard – Large
1573,Cookie Dough Blizzard – Medium
1574,Cookie Dough Blizzard – Mini
1575,Cookie Dough Blizzard – Small
1576,Country Platter
1577,Crispy Chicken Salad
1578,Crispy Chicken Sandwich
1579,Crispy Chicken Wrap
1580,Crispy Fish Sandwich
1581,Crispy FlameThrower Chicken Sandwich
1582,Deluxe Cheeseburger
1583,Deluxe Double Cheeseburger
1584,"Dipped Cone, Chocolate – Kids’ ***"
1585,"Dipped Cone, Chocolate – Large ***"
1586,"Dipped Cone, Chocolate – Medium ***"
1587,"Dipped Cone, Chocolate – Small ***"
1588,Double Fudge Cookie Dough Blizzard – Large
1589,Double Fudge Cookie Dough Blizzard – Med
1590,Double Fudge Cookie Dough Blizzard – Mini
1591,Double Fudge Cookie Dough Blizzard – Small
1592,"DQ Cake, 10”, 1/12 slice"
1593,"DQ Cake, 8”, 1/8 slice"
1594,"DQ Heart Cake, 1/10 slice"
1595,DQ Home-Pak
1596,"DQ Log Cake, 1/8 slice"
1597,DQ Sandwich
1598,"DQ Sheet Cake, 1/24 slice"
1599,DQ Ultimate® Burger
1600,French Fries – Kids’
1601,French Fries – Large
1602,French Fries – Regular
1603,French Silk Pie Blizzard – Large
1604,French Silk Pie Blizzard – Medium
1605,French Silk Pie Blizzard – Mini
1606,French Silk Pie Blizzard – Small
1607,French Vanilla MooLatté – Large
1608,French Vanilla MooLatté – Medium
1609,French Vanilla MooLatté – Small
1610,Fries
1611,Fudge Bar
1612,Fudge Brownie Temptation Waffle Bowl Sundae
1613,Georgia Mud Fudge Blizzard – Large
1614,Georgia Mud Fudge Blizzard – Medium
1615,Georgia Mud Fudge Blizzard – Small
1616,Georgia Mud Fudge® Blizzard – Mini
1617,Grilled Cheese Kids’
1618,Grilled Chicken Salad
1619,Grilled Chicken Sandwich
1620,Grilled Chicken Wrap
1621,Hashbrowns
1622,Hawaiian Blizzard – Large
1623,Hawaiian Blizzard – Medium
1624,Hawaiian Blizzard – Mini
1625,Hawaiian Blizzard – Small
1626,Heath Blizzard – Large
1627,Heath Blizzard – Medium
1628,Heath Blizzard – Small
1629,Heath Pieces
1630,Heath® Blizzard – Mini
1631,Heath® Dilly Bar
1632,Hot Fudge Topping
1633,Iron Grilled Cheese Sandwich
1634,Iron Grilled Classic Club Sandwich
1635,Iron Grilled Supreme BLT Sandwich
1636,Iron Grilled Turkey Sandwich
1637,"Lemonade Chiller, Classic, Large"
1638,"Lemonade Chiller, Classic, Medium"
1639,"Lemonade Chiller, Classic, Small"
1640,"Lemonade Chiller, Strawberry, Large"
1641,"Lemonade Chiller, Strawberry, Medium"
1642,"Lemonade Chiller, Strawberry, Small"
1643,M&M’s Chocolate Candies
1644,M&M’s Chocolate Candy Blizzard – Large
1645,M&M’s Chocolate Candy Blizzard – Medium
1646,M&M’s Chocolate Candy Blizzard – Small
1647,M&M’s® Chocolate Candy Blizzard – Mini
1648,"Malt, Banana – Large"
1649,"Malt, Banana – Medium"
1650,"Malt, Banana – Small"
1651,"Malt, Caramel – Large"
1652,"Malt, Caramel – Medium"
1653,"Malt, Caramel – Small"
1654,"Malt, Cherry – Large"
1655,"Malt, Cherry – Medium"
1656,"Malt, Cherry – Small"
1657,"Malt, Chocolate – Large"
1658,"Malt, Chocolate – Medium"
1659,"Malt, Chocolate – Small"
1660,"Malt, Hot Fudge – Large"
1661,"Malt, Hot Fudge – Medium"
1662,"Malt, Hot Fudge – Small"
1663,"Malt, Peanut Butter – Large"
1664,"Malt, Peanut Butter – Medium"
1665,"Malt, Peanut Butter – Small"
1666,"Malt, Strawberry – Large"
1667,"Malt, Strawberry – Medium"
1668,"Malt, Strawberry – Small"
1669,"Malt, Vanilla – Large"
1670,"Malt, Vanilla – Medium"
1671,"Malt, Vanilla – Small"
1672,Midnight Truffle Blizzard – Large
1673,Midnight Truffle Blizzard – Medium
1674,Midnight Truffle Blizzard – Mini
1675,Midnight Truffle Blizzard – Small
1676,Mint Oreo Blizzard – Large
1677,Mint Oreo Blizzard – Medium
1678,Mint Oreo Blizzard – Small
1679,Mint Oreo® Blizzard – Mini
1680,Mocha MooLatté – Large
1681,All  –  American Slam® (add choices)
1682,Apple Dunkers w/ caramel sauce
1683,Apple Pie
1684,Bagel & Cream Cheese
1685,Banana Pecan Pancake Breakfast
1686,Banana Split
1687,Bananas Foster French Toast Skillet (add meat)
1688,Basket of Puppies w/o syrup
1689,Belgian Waffle Slam®
1690,Bowl of Harvest Oatmeal w/ Milk
1691,Broccoli
1692,Broccoli & Cheddar Soup
1693,Buttermilk Biscuit
1694,Buttermilk Biscuit
1695,Caramel Apple Crisp
1696,Caramel Topping
1697,Cheddar Cheese Hash Browns
1698,Cheese Burger Flatbread
1699,Cheesy @ the Plate (add side)
1700,Cherry Topping
1701,Chicken Avocado Sandwich w/ Fit Fare® fresh veggies
1702,Chicken Deluxe Salad  –  Chicken Strips (add choices)
1703,Chicken Deluxe Salad  –  Grilled Chicken (add choices)
1704,Chicken Noodle Soup
1705,Chicken Ranch Melt w/o dressing (add choices)
1706,Chicken Sausage Patty (1)
1707,Chicken Sausage Patty (2)
1708,Chicken Strips w/ bread (add choices)
1709,Chicken Strips w/ Buffalo Sauce (add dipping sauce)
1710,Chicken Strips w/ Sweet & Tangy BBQ Sauce (add dipping sauce)
1711,Chicken Wings w/ Buffalo Sauce (add dipping sauces)
1712,Chicken Wings w/ Sweet & Tangy BBQ Sauce (add dipping sauce)
1713,Chocolate Chip  –  In Pancakes
1714,Chocolate French Silk Pie
1715,Chocolate Peanut Butter Silk Pie
1716,Chocolate Topping
1717,Chopped Nuts
1718,Clam Chowder
1719,Classic Cheeseburger (add choices)
1720,Club Sandwich (add choices)
1721,Coconut Cream Pie
1722,Coffee
1723,Coleslaw
1724,Cookies & Cream Pie
1725,Corn
1726,Country  –  Fried Steak & Eggs (add choices)
1727,Country  –  Fried Steak w/ gravy (add choices)
1728,Cranberry Apple Chicken Salad w/ balsamic vinaigrette / no bread
1729,Dippable Veggies / no dressing
1730,Double Cheeseburger (add choices)
1731,Egg Whites
1732,Egg Whites (2)
1733,Eggs (2)
1734,Eggs (each) 2 oz = 1 egg
1735,English Muffin / no margarine
1736,English Muffin / no margarine
1737,"Everything Hash Browns w/ onions, cheese & country gravy"
1738,Fiesta Corn
1739,Finish Line Fries
1740,Fish & Chips (add dinner bread choice)
1741,Fishing Goldfish® Crackers
1742,Fit Fare® Omelette
1743,Fit Fare® Sweet & Tangy BBQ Chicken w/ broccoli & corn
1744,Fit Fare® Tilapia Ranchero
1745,Fit Slam®
1746,Flavored Cappuccino
1747,"French Fries, salted"
1748,"French Fries, salted"
1749,French Toast Slam®
1750,Fruit   –   Banana
1751,Fruit   –   Grapes
1752,Fudge Topping
1753,Game  –  On Grapes
1754,Garden Salad w/o dressing
1755,Garlic Dinner Bread
1756,Garlic Dinner Bread
1757,Glazed Pecans
1758,Golden  –  Fried Shrimp
1759,Green Beans
1760,Grilled Shrimp Skewer
1761,Grits w/ margarine
1762,Grits w/ margarine
1763,Grits w/ margarine
1764,Groovy Mango
1765,Half Size Cranberry Apple Chicken Salad w/ balsamic vinaigrette / no bread
1766,Half Size Sampler™ (add sauce)
1767,Half Size Zesty Nachos
1768,Harvest Oatmeal Breakfast
1769,Hash Browns
1770,Hash Browns
1771,Hash Browns
1772,Hash Browns
1773,Heartland Scramble®
1774,Hershey®’s Chocolate Cake
1775,Hickory Grilled Chicken Sandwich (add choices)
1776,High Diving Veggies w/ ranch dressing
1777,Home Plate Mashed Potatoes w/ brown gravy
1778,Hot Fudge Brownie A La Mode
1779,"Ice Cream (Vanilla, Chocolate or Strawberry)"
1780,Jr. Grand Slam®
1781,Key Lime Pie
1782,Kids’ OREO® Blender Blaster
1783,Lemon Meringue Layer Pie
1784,Lemon Pepper Grilled Tilapia w/ bread (add choices)
1785,Loaded Baked Potato Soup
1786,Lumberjack Slam® (add choices)
1787,Mashed Potatoes
1788,Meat Lover’s Scramble
1789,"Milk Shakes (Vanilla, Chocolate or Strawberry)"
1790,"Milk Shakes (Vanilla, Chocolate or Strawberry)"
1791,Mozzarella Cheese Sticks (add marinara sauce)
1792,Mushroom Swiss Burger (add choices)
1793,Mushroom Swiss Chopped Steak w/ bread (add choices)
1794,New York Style Cheesecake
1795,Oatmeal w/ Milk
1796,OJ Strawberry Mango
1797,Onion Rings
1798,Oreo® Blender Blaster™
1799,Oreo® Cookie Pieces
1800,Pacific Chiller
1801,Pancake Puppies®
1802,"Pancakes, Buttermilk"
1803,"Pancakes, Hearty Wheat"
1804,Patty Melt (add choices)
1805,Pecan Pie
1806,Pineapple Dream™
1807,Pit Stop Pizza (add side)
1808,Prime Rib & Chicken Sizzlin’ Skillet
1809,Prime Rib Philly Melt (add choices)
1810,Prime Rib Skillet
1811,Pumpkin Pie
1812,Red  –  Skinned Potatoes
1813,Red  –  Skinned Potatoes
1814,Sampler™ (add sauce)
1815,Santa Fe Skillet
1816,Sausage Links
1817,Sausage Links (4)
1818,Sautéed Spinach
1819,Seasonal Fruit
1820,Seasonal Fruit
1821,Seasoned Fries
1822,Senior Belgian Waffle Slam® w/ egg
1823,Senior Club Sandwich (add choices)
1824,Senior Country  –  Fried Steak w/ bread (add choices)
1825,Senior Fit Fare® Grilled Chicken
1826,Senior Fit Fare® Omelette
1827,Senior French Toast Slam® w/ egg (add choices)
1828,Senior Grilled Cheese Deluxe Sandwich (add choices)
1829,Senior Grilled Chicken w/ bread (add choices)
1830,Senior Grilled Shrimp Skewer w/ bread (add choices)
1831,Senior Lemon Pepper Grilled Tilapia w/ bread (add choices)
1832,Senior Omelette (add choices)
1833,Senior Scrambled Eggs & Cheddar Breakfast
1834,Senior Soup & Salad (add dressing choice)
1835,Senior Starter™ (add choices)
1836,Slam® Dribblers
1837,Slap Shot Slider (1) (add side)
1838,Slices of Toast w/ margarine
1839,Slices of Toast w/ margarine
1840,Smoked Cheddar Mashed Potatoes
1841,Smothered Cheese Fries
1842,Soccer Shake   –   all flavors
1843,Softball Pancake w/ meat
1844,Southwestern Steak Burrito w/ hash browns
1845,"Spaghetti, Set, Go! (add side)"
1846,Spicy Buffalo Chicken Melt (add choices)
1847,Strawberry Banana Bliss
1848,Strawberry Lemonade
1849,Strawberry Mango Pucker™
1850,Strawberry Topping
1851,Sundae Sundae Sundae!
1852,Sweet & Tangy BBQ Chicken w/ bread & veggies
1853,Sweet Georgia Peach
1854,T  –  Bone Steak & Breaded Shrimp w/ bread (add choices)
1855,T  –  Bone Steak & Eggs (add choices)
1856,T  –  Bone Steak & Shrimp Skewer w/ bread (add choices)
1857,T  –  Bone Steak w/ bread (add choices)
1858,The Grand Slamwich® w/ hash browns
1859,The Super Bird® (add choices)
1860,Three  –  Dip & Chips
1861,Tilapia Ranchero w/ bread
1862,Tomato Slices
1863,Track & Cheese (add side)
1864,Triple Play Nuggets w/ BBQ sauce (add side)
1865,Tumbling Vanilla Yogurt w/ strawberry topping
1866,Turtle Cheesecake
1867,12 Piece Chicken Meal (Mixed)
1868,12 Piece Chicken Only (Mixed)
1869,2 Legs Kids’ Combo
1870,2 Piece Breast and Wing
1871,2 Piece Leg and Thigh
1872,3 Piece Breast and Wing
1873,3 Piece Leg and Thigh
1874,4 Piece Breast and Wing
1875,4 Piece Leg and Thigh
1876,6.5″ Flour Tortillas(12 pack)
1877,6.5″ Flour Tortillas(2 pack)
1878,6.5″ Flour Tortillas(8 pack)
1879,8 Piece Chicken Meal (Mixed)
1880,8 Piece Chicken Only (Mixed)
1881,Avocado Salsa (Hot)
1882,Barbecue Chicken Tostada (no dressing)
1883,BBQ Black Beans (Small)
1884,BBQ Black Beans (Small)
1885,BBQ Black Beans(Large)
1886,BRC Burrito
1887,BRC Burrito
1888,BRC Burrito Kids’ Combo
1889,Chicken Avocado Burrito
1890,Chicken Nuggets Kids’ Combo
1891,Chicken Taco Al Carbon
1892,Chicken Tortilla Roll
1893,Chicken Tortilla Soup
1894,Chicken Tortilla Soup (Small)
1895,Chicken Tortilla Soup Small (no tortilla strips)
1896,Chicken Tostada (no dressing)
1897,Chicken Tostada (no shell & no dressing)
1898,Chicken Tostada (no shell & no dressing)
1899,Cole Slaw(Large)
1900,Cole Slaw(Small)
1901,Corn Cobbettes(Large Side-4 cobs)
1902,Corn Cobbettes(Small Side-2 cobs)
1903,El Tradicional
1904,Flame Grilled Chicken Leg
1905,Flame-Grilled Chicken Breast
1906,Flame-Grilled Chicken Breast w/o Skin
1907,Flame-Grilled Chicken Leg
1908,Flame-Grilled Chicken Thigh
1909,Flame-Grilled Chicken Wing
1910,Flame-Grilled Corn(Large)
1911,Flame-Grilled Corn(Small)
1912,Flan
1913,Flan
1914,Fosters Freeze Vanilla (Kid’s Cone)
1915,Fosters Freeze Vanilla (Large Cone)
1916,Fosters Freeze Vanilla (Regular Cone)
1917,"Fosters Freeze Vanilla(Regular, in Cup)"
1918,French Fries(Large)
1919,French Fries(Small)
1920,Fresh Vegetables (no margarine)
1921,Fresh Vegetables (Small w/o margarine)
1922,Fresh Vegetables(Large)
1923,Fresh Vegetables(Small)
1924,Grilled Chicken Salad (no tortilla strips & no dressing)
1925,Grilled Chicken Salad (no tortilla strips & no dressing)
1926,Hand-Made Crunchy Chicken Taco
1927,Hand-Made Guacamole
1928,Hand-Made Guacamole & Chips
1929,Hand-Made Guacamole(Large)
1930,House Salsa (Mild)
1931,Jalapeno Hot Sauce Packet
1932,Loco Side Salad
1933,"Loco Side Salad (no dressing, no tortilla strips) – large"
1934,"Loco Side Salad (no dressing, no tortilla strips) – small"
1935,Loco Side Salad(Large)
1936,Loco Side Salad(Small)
1937,Macaroni & Cheese(Large)
1938,Macaroni & Cheese(Small)
1939,Mashed Potatoes w/Gravy(Large)
1940,Mashed Potatoes w/Gravy(Small)
1941,Mini Pollo Bowl® Kids’ Combo
1942,Mixed Tortillas (12 pack)
1943,Mixed Tortillas (8 pack)
1944,Pico de Gallo Salsa (Medium)
1945,Pinto Beans (Small)
1946,Pinto Beans(Large)
1947,Pinto Beans(Small)
1948,Salsa Roja (Hot)
1949,Skinless Breast Meal
1950,Skinless Breast Meal
1951,Skinless Chicken Breast
1952,Skinless Chicken Breast
1953,Sour Cream
1954,Spanish Rice (Small)
1955,Spanish Rice(Large)
1956,Spanish Rice(Small)
1957,Sweet Corn Cake(Large)
1958,Sweet Corn Cake(Small)
1959,Sweet Potato Fries(Large)
1960,Sweet Potato Fries(Small)
1961,Taquito
1962,The Original POLLO BOWL®
1963,The Original POLLO BOWL®*
1964,The Poblano
1965,The Spicy Chipotle
1966,Two Churros
1967,Two Churros
1968,Ultimate POLLO BOWL®
1969,Aloha Chicken
1970,Asian Chicken Salad
1971,"Babyback Ribs, Full Rack"
1972,"Babyback Ribs, Half Rack"
1973,Baked Potato
1974,Baked Sweet Potato
1975,BBQ Slider Tray (per slider)
1976,Big City Reuben
1977,Big Easy Shrimp and Fish Fry
1978,Bleu Cheese and Peppercorn Steak Topper
1979,Buttermilk Fried Chicken
1980,"Cajun Firecracker Sticks, Plating"
1981,Calabash BLT
1982,Calabash Chicken Salad
1983,Calabash Chicken Wrap
1984,Calabash Popcorn Shrimp
1985,Calabash Wrap
1986,"Calabash, Wings, and Cheese Fries"
1987,Carolina Peach Cobbler
1988,Certified Angus Beef Ribeye (12 ounces)
1989,Certified Angus Beef Sirloin (10 ounces)
1990,Certified Angus Beef Sirloin (6 ounces)
1991,Certified Angus Beef Tenderloin Tips
1992,Cheese Fries
1993,Cheese Fries
1994,Chicken Pot Pie
1995,Chicken Pot Pie w/o salad
1996,"Chicken Wings, 12"
1997,"Chicken Wings, 8"
1998,Chips and Salsa Tray (per serving)
1999,Cinnamon Apples
2000,Cinnamon Honey Butter (1 ounce)
